"county","total_itop","asian_itop","hispanic_itop","white_itop","black_itop","native_american_itop","other_itop","year","tot_pop","urban","total_rate","white_rate","black_rate","hispanic_rate","asian_rate","native_american_rate","other_rate"
"Anderson",54,1,9,22,20,0,1,2020,22942,"Rural",2.35376165983785,1.48377959128617,6.20925178515989,2.46710526315789,5.37634408602151,0,1.0482180293501
"Andrews",7,0,5,2,0,0,0,2020,9249,"Rural",0.756838577143475,0.544514021236047,0,0.969743987587277,0,0,0
"Angelina",94,3,25,38,27,0,1,2020,44193,"Rural",2.12703369311882,1.48391127772571,4.00118553645525,2.57652272493043,6.14754098360656,0,0.644329896907217
"Aransas",11,0,3,8,0,0,0,2020,11946,"Rural",0.920810313075506,1.001627644923,0,0.989772352358957,0,0,0
"Archer",2,0,0,1,1,0,0,2020,4299,"Rural",0.465224470807164,0.272108843537415,200,0,0,0,0
"Armstrong",0,0,0,0,0,0,0,2020,939,"Rural",0,0,0,0,0,0,0
"Atascosa",72,0,49,23,0,0,0,2020,24702,"Rural",2.91474374544571,2.84794452699356,0,3.11130865451775,0,0,0
"Austin",27,0,8,13,6,0,0,2020,15225,"Rural",1.77339901477833,1.37566137566138,4.84652665589661,2.03252032520325,0,0,0
"Bailey",3,0,3,0,0,0,0,2020,3344,"Rural",0.897129186602871,0,0,1.4018691588785,0,0,0
"Bandera",12,0,0,12,0,0,0,2020,10548,"Rural",1.13765642775882,1.52187698161065,0,0,0,0,0
"Bastrop",131,2,52,55,12,0,1,2020,47866,"Urban",2.73680691931642,2.4039512216443,4.6583850931677,2.59675405742821,4.77326968973747,0,0.546746856205577
"Baylor",1,0,0,0,1,0,0,2020,1794,"Rural",0.557413600891862,0,35.7142857142857,0,0,0,0
"Bee",33,0,21,9,2,0,0,2020,12143,"Rural",2.71761508688133,2.44897959183673,9.34579439252336,2.66768292682927,0,0,0
"Bell",1005,53,193,249,395,5,28,2020,189865,"Urban",5.29323466673689,3.1380357660462,9.49108558796675,4.06281576288313,8.18280067932685,6.31313131313131,1.98230088495575
"Bexar",5178,157,3116,1154,726,9,7,2020,1026487,"Urban",5.04438926162728,4.28402252638535,9.81810805328285,5.08671577077783,4.45567033715518,3.89105058365759,0.211838760440625
"Blanco",16,0,5,11,0,0,0,2020,5762,"Rural",2.77681360638667,2.48699977390911,0,4.91642084562439,0,0,0
"Borden",1,0,0,1,0,0,0,2020,300,"Rural",3.33333333333333,3.90625,0,0,0,0,0
"Bosque",22,0,2,20,0,0,0,2020,9231,"Rural",2.38327375148955,2.89268151576511,0,1.20481927710843,0,0,0
"Bowie",152,3,15,48,77,2,6,2020,46213,"Urban",3.28911778071106,1.70684873053126,6.6111445007298,4.79386385426654,4.90998363338789,7.09219858156028,2.47729149463254
"Brazoria",624,22,179,206,214,1,1,2020,185337,"Urban",3.36683986467894,2.56018294122764,7.97525435098573,3.1623206840506,1.61657726504519,1.87617260787993,0.137080191912269
"Brazos",320,13,92,128,79,0,5,2020,116549,"Urban",2.74562630309998,2.07300877789654,6.41129686739166,2.95838960704868,1.9723865877712,0,1.10302228105008
"Brewster",4,0,3,1,0,0,0,2020,4664,"Rural",0.857632933104631,0.423370025402202,0,1.50075037518759,0,0,0
"Briscoe",0,0,0,0,0,0,0,2020,695,"Rural",0,0,0,0,0,0,0
"Brooks",11,0,9,2,0,0,0,2020,3452,"Rural",3.18655851680185,7.75193798449612,0,2.86624203821656,0,0,0
"Brown",20,0,3,15,2,0,0,2020,19135,"Rural",1.0452051215051,1.1093033574915,3.62976406533575,0.73764445537251,0,0,0
"Burleson",14,0,0,11,3,0,0,2020,8945,"Rural",1.56512017887088,1.93389592123769,3.09278350515464,0,0,0,0
"Burnet",48,1,12,29,1,1,1,2020,24986,"Rural",1.92107580244937,1.62410394265233,3.01204819277108,2.21035181433045,3.71747211895911,11.7647058823529,0.985221674876847
"Caldwell",88,1,47,31,2,0,1,2020,23348,"Urban",3.76905944834675,3.59253679453007,1.78412132024978,3.68021298253856,7.5187969924812,0,1.60513643659711
"Calhoun",16,0,7,9,0,0,0,2020,9823,"Rural",1.62883029624351,2.165022853019,0,1.45681581685744,0,0,0
"Callahan",5,1,1,3,0,0,0,2020,6896,"Rural",0.725058004640371,0.515995872033024,0,1.5748031496063,30.3030303030303,0,0
"Cameron",389,3,291,94,0,0,0,2020,217794,"Urban",1.78609144420875,5.16511896258036,0,1.48414111070877,2.26415094339623,0,0
"Camp",5,0,1,0,4,0,0,2020,6382,"Rural",0.783453462864306,0,3.94866732477789,0.630119722747322,0,0,0
"Carson",1,0,0,1,0,0,0,2020,2922,"Rural",0.342231348391513,0.40950040950041,0,0,0,0,0
"Cass",18,1,2,8,6,0,1,2020,14650,"Rural",1.22866894197952,0.737055463423623,2.5,3.03951367781155,16.9491525423729,0,1.67224080267559
"Castro",1,0,0,0,1,0,0,2020,3599,"Rural",0.277854959711031,0,20.4081632653061,0,0,0,0
"Chambers",46,0,13,28,5,0,0,2020,23362,"Urban",1.96900950261108,1.87441424554827,3.13479623824451,2.40518038852914,0,0,0
"Cherokee",42,0,9,18,13,1,1,2020,24862,"Rural",1.68932507441075,1.18374325923977,4.33911882510013,1.61957890948353,0,13.1578947368421,1.12233445566779
"Childress",4,0,0,1,3,0,0,2020,2820,"Rural",1.41843971631206,0.55005500550055,31.25,0,0,0,0
"Clay",4,0,0,4,0,0,0,2020,5142,"Rural",0.777907429015947,0.890670229347584,0,0,0,0,0
"Cochran",2,0,2,0,0,0,0,2020,1299,"Rural",1.53964588144727,0,0,2.61780104712042,0,0,0
"Coke",3,0,1,2,0,0,0,2020,1674,"Rural",1.7921146953405,1.61290322580645,0,2.79329608938547,0,0,0
"Coleman",5,0,1,4,0,0,0,2020,3894,"Rural",1.28402670775552,1.31665569453588,0,1.68067226890756,0,0,0
"Collin",1625,341,262,524,441,8,45,2020,542135,"Urban",2.99740839458806,1.90897399933696,7.59585242343863,3.06895784282719,3.5686627456726,4.1515308770109,1.68337572946282
"Collingsworth",1,1,0,0,0,0,0,2020,1385,"Rural",0.72202166064982,0,0,0,333.333333333333,0,0
"Colorado",21,0,6,8,6,0,0,2020,10329,"Rural",2.03311065930874,1.35249366018597,5.18582541054451,2.04359673024523,0,0,0
"Comal",198,4,68,114,10,1,0,2020,82182,"Urban",2.40928670511791,2.14265576543558,5.68181818181818,3.05975521958243,3.44234079173838,3.3003300330033,0
"Comanche",12,0,5,6,0,0,0,2020,6796,"Rural",1.76574455562095,1.28177739799188,0,2.67809319764328,0,0,0
"Concho",5,0,2,3,0,0,0,2020,1150,"Rural",4.34782608695652,3.8860103626943,0,6.19195046439629,0,0,0
"Cooke",32,0,6,25,0,0,1,2020,21063,"Rural",1.51925176850401,1.67145818011633,0,1.44300144300144,0,0,1.03092783505155
"Coryell",95,2,17,38,23,1,2,2020,41611,"Urban",2.28305015500709,1.62455645333675,4.05858478913005,2.08512204096652,1.96078431372549,5.0251256281407,0.628733102797862
"Cottle",0,0,0,0,0,0,0,2020,709,"Rural",0,0,0,0,0,0,0
"Crane",2,0,2,0,0,0,0,2020,2310,"Rural",0.865800865800866,0,0,1.31492439184747,0,0,0
"Crockett",2,1,0,1,0,0,0,2020,1548,"Rural",1.29198966408269,1.80831826401447,0,0,250,0,0
"Crosby",4,0,2,1,1,0,0,2020,2625,"Rural",1.52380952380952,0.937207122774133,19.2307692307692,1.38504155124654,0,0,0
"Culberson",0,0,0,0,0,0,0,2020,1064,"Rural",0,0,0,0,0,0,0
"Dallam",1,0,0,1,0,0,0,2020,3342,"Rural",0.299222022740874,0.644745325596389,0,0,0,0,0
"Dallas",7325,507,2380,1113,3155,30,124,2020,1322590,"Urban",5.53837546027113,3.05299539170507,10.4165978830039,4.58012916734021,5.56323655276845,8.56408792463603,3.03363914373089
"Dawson",16,1,7,3,5,0,0,2020,5643,"Rural",2.83537125642389,1.42721217887726,29.940119760479,2.16182828906733,25.6410256410256,0,0
"DeWitt",18,0,4,12,2,0,0,2020,9487,"Rural",1.89733319279013,2.19418540866703,3.42465753424658,1.27591706539075,0,0,0
"Deaf Smith",0,0,0,0,0,0,0,2020,9250,"Rural",0,0,0,0,0,0,0
"Delta",2,0,0,1,1,0,0,2020,2675,"Rural",0.747663551401869,0.465332712889716,6.09756097560976,0,0,0,0
"Denton",1335,133,263,472,414,13,35,2020,463327,"Urban",2.88133434917456,1.91719504616297,8.11446491571933,2.83952883255417,2.78225215990628,6.78496868475992,1.47219651720367
"Dickens",1,0,1,0,0,0,0,2020,900,"Rural",1.11111111111111,0,0,4.0650406504065,0,0,0
"Dimmit",11,0,9,2,0,0,0,2020,4432,"Rural",2.48194945848375,4.51467268623025,0,2.31839258114374,0,0,0
"Donley",0,0,0,0,0,0,0,2020,1623,"Rural",0,0,0,0,0,0,0
"Duval",18,0,16,2,0,0,0,2020,4723,"Rural",3.81113698920178,5.58659217877095,0,4.03124212648022,0,0,0
"Eastland",8,0,0,8,0,0,0,2020,9019,"Rural",0.887016298924493,1.14596762641455,0,0,0,0,0
"Ector",151,2,91,37,18,1,0,2020,81227,"Urban",1.85898777500092,1.47316451664278,5.20080901473563,1.84584178498986,1.73460537727667,3.64963503649635,0
"Edwards",2,0,1,1,0,0,0,2020,710,"Rural",2.8169014084507,3.13479623824451,0,2.69541778975741,0,0,0
"El Paso",264,2,83,93,83,1,2,2020,444653,"Urban",0.593721396234817,2.06790741111333,8.10942843185149,0.220839829926724,0.363570259952736,0.980392156862745,0.282246683601468
"Ellis",281,2,219,39,20,1,0,2020,97907,"Urban",2.87007057718039,0.716951302461533,1.61108425970678,8.54534103324489,2.25479143179256,2.84900284900285,0
"Erath",53,1,9,40,2,0,0,2020,21930,"Rural",2.41678066575467,2.57449958164382,3.06748466257669,1.94300518134715,4.97512437810945,0,0
"Falls",24,0,1,12,10,0,0,2020,9505,"Rural",2.52498684902683,2.4885939444214,4.65549348230912,0.452693526482571,0,0,0
"Fannin",26,0,1,21,3,0,1,2020,16650,"Rural",1.56156156156156,1.60907210175465,4.42477876106195,0.562113546936481,0,0,1.10497237569061
"Fayette",27,0,5,16,5,0,1,2020,12528,"Rural",2.1551724137931,1.82648401826484,6.70241286863271,1.89969604863222,0,0,2.9585798816568
"Fisher",3,0,1,2,0,0,0,2020,1856,"Rural",1.61637931034483,1.58730158730159,0,2.04498977505112,0,0,0
"Floyd",2,0,1,1,0,0,0,2020,2729,"Rural",0.732869182850861,0.953288846520496,0,0.648088139987038,0,0,0
"Foard",0,0,0,0,0,0,0,2020,556,"Rural",0,0,0,0,0,0,0
"Fort Bend",1443,171,347,306,605,3,8,2020,422429,"Urban",3.41595865814137,2.50747736305158,6.75019804300044,3.41844977735745,1.83362285273113,5.20833333333333,0.518638573743922
"Franklin",11,1,4,2,3,1,0,2020,5313,"Rural",2.0703933747412,0.486854917234664,17.7514792899408,5.68990042674253,31.25,43.4782608695652,0
"Freestone",17,0,4,6,5,0,0,2020,9286,"Rural",1.8307129011415,0.943544582481522,4.11861614497529,2.97397769516729,0,0,0
"Frio",22,0,18,4,0,0,0,2020,8232,"Rural",2.67249757045675,2.85510349750178,0,2.73390036452005,0,0,0
"Gaines",3,0,2,0,1,0,0,2020,10680,"Rural",0.280898876404494,0,7.93650793650794,0.486144871171609,0,0,0
"Galveston",645,11,172,277,182,1,1,2020,179120,"Urban",3.60093791871371,2.85502257220012,8.02787702351021,3.82613338078925,1.68118600030567,1.9047619047619,0.135043889264011
"Garza",2,0,1,0,0,0,1,2020,2056,"Rural",0.972762645914397,0,0,1.20918984280532,0,0,21.7391304347826
"Gillespie",20,0,6,13,0,0,1,2020,13807,"Rural",1.44854059535018,1.25506854605136,0,2.08550573514077,0,0,2.26757369614512
"Glasscock",1,0,0,1,0,0,0,2020,537,"Rural",1.86219739292365,2.93255131964809,0,0,0,0,0
"Goliad",2,0,2,0,0,0,0,2020,3547,"Rural",0.563856780377784,0,0,1.72562553925798,0,0,0
"Gonzales",19,0,5,10,4,0,0,2020,9869,"Rural",1.92522038707063,2.3696682464455,7.70712909441233,1.02438024994878,0,0,0
"Gray",4,0,2,2,0,0,0,2020,10054,"Rural",0.397851601352695,0.311332503113325,0,0.69759330310429,0,0,0
"Grayson",153,1,26,88,36,0,1,2020,69368,"Urban",2.20562795525314,1.79584506754826,9.57701516360734,2.50024040773151,0.980392156862745,0,0.237079184447606
"Gregg",199,4,22,72,93,3,4,2020,64235,"Urban",3.09799953296489,2.02925509427581,6.96212007785597,1.89003436426117,4.69483568075117,13.3333333333333,1.49309443822322
"Grimes",40,1,7,19,13,0,0,2020,13431,"Rural",2.97818479636661,2.39475674313083,8.19155639571519,2.11992731677771,16.6666666666667,0,0
"Guadalupe",193,0,74,93,25,0,0,2020,87955,"Urban",2.19430390540617,2.18156228008445,4.27423491195076,2.22670237414618,0,0,0
"Hale",32,1,12,7,12,0,0,2020,15831,"Rural",2.02135051481271,1.31777108433735,21.4285714285714,1.26568927328341,14.9253731343284,0,0
"Hall",1,0,0,1,0,0,0,2020,1429,"Rural",0.699790062981106,1.20336943441637,0,0,0,0,0
"Hamilton",4,1,0,3,0,0,0,2020,4175,"Rural",0.958083832335329,0.87361677344205,0,0,38.4615384615385,0,0
"Hansford",0,0,0,0,0,0,0,2020,2662,"Rural",0,0,0,0,0,0,0
"Hardeman",4,0,2,0,2,0,0,2020,1782,"Rural",2.24466891133558,0,25.3164556962025,4.90196078431373,0,0,0
"Hardin",50,0,5,36,8,0,1,2020,28638,"Urban",1.74593197849012,1.50873810821005,5.05050505050505,2.93427230046948,0,0,0.865051903114187
"Harris",14086,613,5546,2463,5403,10,23,2020,2400848,"Urban",5.86709362691849,3.75476205357891,11.4399808592584,5.47010233016891,3.44839225039941,2.33699462491236,0.299979131886477
"Harrison",102,1,17,29,49,0,6,2020,35205,"Urban",2.89731572219855,1.36092730771036,6.87429854096521,3.48646431501231,3.690036900369,0,4.12654745529574
"Hartley",2,1,0,1,0,0,0,2020,2271,"Rural",0.880669308674593,0.611995104039168,0,0,111.111111111111,0,0
"Haskell",4,0,2,2,0,0,0,2020,2588,"Rural",1.54559505409583,1.11049416990561,0,3.32225913621262,0,0,0
"Hays",530,15,244,184,46,2,7,2020,122717,"Urban",4.31888002477244,2.98710997110296,10.7201118620368,5.1499609531649,5.85708707536119,6.32911392405063,1.06512477175898
"Hemphill",0,0,0,0,0,0,0,2020,1701,"Rural",0,0,0,0,0,0,0
"Henderson",65,3,12,45,3,1,1,2020,41767,"Rural",1.55625254387435,1.42360012654223,1.27496812579686,2.15827338129496,10.1694915254237,5.78034682080925,0.563063063063063
"Hidalgo",1081,12,870,187,10,1,0,2020,447177,"Urban",2.41738729854174,7.23908330752555,8.84173297966401,2.10704260827656,2.67677894267232,3.06748466257669,0
"Hill",25,1,11,7,5,0,1,2020,18014,"Rural",1.38780948151438,0.573488448304113,4.97017892644135,2.86757038581856,8.06451612903226,0,1.30718954248366
"Hockley",6,0,4,2,0,0,0,2020,10972,"Rural",0.546846518410499,0.40016006402561,0,0.745156482861401,0,0,0
"Hood",44,1,10,30,2,0,0,2020,31519,"Rural",1.39598337510708,1.16813332294993,9.00900900900901,2.57864878803507,3.7593984962406,0,0
"Hopkins",26,2,5,13,5,0,1,2020,18773,"Rural",1.38496777286529,0.97029407374235,4.14593698175788,1.58579130986362,12.5,0,1.32450331125828
"Houston",15,0,3,8,4,0,0,2020,10137,"Rural",1.47972773009766,1.27145581691036,1.73686495874946,2.72479564032698,0,0,0
"Howard",25,0,8,13,4,0,0,2020,15173,"Rural",1.64766361299677,1.68721609344581,6.49350649350649,1.3001787745815,0,0,0
"Hudspeth",0,0,0,0,0,0,0,2020,1518,"Rural",0,0,0,0,0,0,0
"Hunt",95,0,21,52,22,0,0,2020,50646,"Urban",1.87576511471785,1.56067108856808,5.4590570719603,2.19046625638886,0,0,0
"Hutchinson",3,0,1,1,1,0,0,2020,10371,"Rural",0.289268151576511,0.144341801385681,5.49450549450549,0.407166123778502,0,0,0
"Irion",1,0,0,1,0,0,0,2020,757,"Rural",1.32100396301189,1.76991150442478,0,0,0,0,0
"Jack",5,0,0,5,0,0,0,2020,3764,"Rural",1.32837407013815,1.66833500166833,0,0,0,0,0
"Jackson",13,0,5,7,1,0,0,2020,7555,"Rural",1.72071475843812,1.62942271880819,1.96078431372549,2.08333333333333,0,0,0
"Jasper",44,0,2,22,18,0,0,2020,16730,"Rural",2.63000597728631,1.81533129796188,6.36492220650636,1.91938579654511,0,0,0
"Jeff Davis",1,0,0,0,1,0,0,2020,1003,"Rural",0.997008973080758,0,Inf,0,0,0,0
"Jefferson",482,12,102,99,269,0,0,2020,125579,"Urban",3.83822135866666,2.09865813071036,6.31841029736459,3.80398299395838,2.44498777506112,0,0
"Jim Hogg",6,0,5,1,0,0,0,2020,2483,"Rural",2.41643173580346,5.18134715025907,0,2.25631768953069,0,0,0
"Jim Wells",50,0,31,19,0,0,0,2020,19876,"Rural",2.51559669953713,5.34608891389983,0,1.9588019714394,0,0,0
"Johnson",183,2,48,116,15,1,1,2020,90166,"Urban",2.02958986757758,1.91574045019901,4.97842681712579,2.33021020437885,2.37529691211401,2.37529691211401,0.210970464135021
"Jones",8,0,1,6,1,0,0,2020,7417,"Urban",1.07860320884455,1.16234017822549,4.95049504950495,0.594883997620464,0,0,0
"Karnes",14,0,9,5,0,0,0,2020,6126,"Rural",2.28534116878877,2.15238915195867,0,2.64162019371881,0,0,0
"Kaufman",200,3,43,89,59,0,6,2020,74397,"Urban",2.68828044141565,2.21983887461652,5.22355024347056,2.35758539393607,2.55102040816327,0,1.81653042688465
"Kendall",35,0,10,23,0,1,1,2020,22751,"Urban",1.53839391675091,1.4036372513121,0,1.97980597901406,0,13.6986301369863,1.13765642775882
"Kenedy",1,0,1,0,0,0,0,2020,181,"Rural",5.52486187845304,0,0,7.14285714285714,0,0,0
"Kent",1,0,0,0,1,0,0,2020,383,"Rural",2.61096605744125,0,Inf,0,0,0,0
"Kerr",46,0,22,23,1,0,0,2020,27075,"Rural",1.69898430286242,1.23357468490212,3.25732899022801,3.25059101654846,0,0,0
"Kimble",2,0,0,2,0,0,0,2020,2166,"Rural",0.923361034164358,1.23915737298637,0,0,0,0,0
"King",1,0,0,0,1,0,0,2020,142,"Rural",7.04225352112676,0,Inf,0,0,0,0
"Kinney",1,0,1,0,0,0,0,2020,1386,"Rural",0.721500721500722,0,0,1.41843971631206,0,0,0
"Kleberg",41,1,20,16,3,0,0,2020,15418,"Rural",2.65922947204566,5.02828409805154,6.12244897959184,1.80864532465184,2.82485875706215,0,0
"Knox",1,0,0,1,0,0,0,2020,1674,"Rural",0.597371565113501,1.03199174406605,0,0,0,0,0
"La Salle",11,0,10,1,0,0,0,2020,2792,"Rural",3.93982808022923,2.35294117647059,0,4.28816466552316,0,0,0
"Lamar",41,2,3,18,15,0,3,2020,25990,"Rural",1.57752981916122,0.985977212971078,4.38468284127448,1.38248847926267,7.32600732600733,0,2.05620287868403
"Lamb",2,0,1,1,0,0,0,2020,6574,"Rural",0.304228780042592,0.386996904024768,0,0.268744961031981,0,0,0
"Lampasas",34,0,6,25,0,0,0,2020,10915,"Urban",3.11497938616583,3.247596778384,0,2.91403593977659,0,0,0
"Lavaca",15,0,4,7,4,0,0,2020,10375,"Rural",1.44578313253012,0.941239747209896,6.44122383252818,2.0253164556962,0,0,0
"Lee",21,0,7,9,1,0,0,2020,8712,"Rural",2.41046831955923,1.69779286926995,1.28205128205128,3.11526479750779,0,0,0
"Leon",12,2,4,3,2,0,0,2020,7931,"Rural",1.51305005673938,0.503440174525927,4.42477876106195,3.45423143350604,26.6666666666667,0,0
"Liberty",100,1,30,50,19,0,0,2020,46230,"Urban",2.16309755569976,1.95266734359135,5.34608891389983,1.99720391451967,3.52112676056338,0,0
"Limestone",18,0,6,7,5,0,0,2020,10974,"Rural",1.64024056861673,1.10340479192938,2.77932184546971,2.57842715943275,0,0,0
"Lipscomb",0,0,0,0,0,0,0,2020,1536,"Rural",0,0,0,0,0,0,0
"Live Oak",10,0,7,3,0,0,0,2020,4943,"Rural",2.02306291725673,1.04384133611691,0,3.74131480491716,0,0,0
"Llano",12,0,0,10,1,0,0,2020,10820,"Rural",1.1090573012939,1.11495149960977,23.2558139534884,0,0,0,0
"Loving",2,0,0,2,0,0,0,2020,27,"Rural",74.0740740740741,83.3333333333333,0,0,0,0,0
"Lubbock",222,9,79,80,51,0,3,2020,157970,"Urban",1.40533012597329,1.00602356610204,3.98967378549636,1.43479840174355,1.88127090301003,0,0.586624951114587
"Lynn",1,0,0,1,0,0,0,2020,2724,"Rural",0.367107195301028,0.681663258350375,0,0,0,0,0
"Madison",17,0,3,6,7,0,0,2020,5775,"Rural",2.94372294372294,1.76522506619594,8.13953488372093,2.35849056603774,0,0,0
"Marion",9,0,0,5,4,0,0,2020,4995,"Rural",1.8018018018018,1.4168319637291,4.1407867494824,0,0,0,0
"Martin",4,0,2,0,1,1,0,2020,2626,"Urban",1.52322924600152,0,43.4782608695652,1.74520069808028,0,125,0
"Mason",1,0,0,1,0,0,0,2020,1974,"Rural",0.506585612968592,0.668896321070234,0,0,0,0,0
"Matagorda",49,0,18,17,14,0,0,2020,18247,"Rural",2.68537293801721,2.18593287900219,7.38786279683377,2.34711174859825,0,0,0
"Maverick",55,0,54,1,0,0,0,2020,29965,"Rural",1.83547472050726,1.39082058414465,0,1.89121983679473,0,0,0
"McCulloch",7,0,3,4,0,0,0,2020,3885,"Rural",1.8018018018018,1.58478605388273,0,2.54452926208651,0,0,0
"McLennan",387,4,111,138,117,2,6,2020,134170,"Urban",2.88440038756801,1.915097350782,6.13947630791835,3.22000464144813,1.57728706624606,4.16666666666667,1.07797340998922
"McMullen",2,0,1,0,1,0,0,2020,299,"Rural",6.68896321070234,0,1000,8.7719298245614,0,0,0
"Medina",56,2,30,21,3,0,0,2020,24667,"Urban",2.27023959135687,1.91413727098715,9.375,2.39654896948394,14.8148148148148,0,0
"Menard",0,0,0,0,0,0,0,2020,985,"Rural",0,0,0,0,0,0,0
"Midland",160,7,73,54,23,0,0,2020,84137,"Urban",1.9016603872256,1.4283069272886,4.55085081123862,2.00450326761492,3.57142857142857,0,0
"Milam",24,2,7,11,1,0,1,2020,12457,"Rural",1.92662759894035,1.41460905349794,0.953288846520496,2.25733634311512,35.0877192982456,0,2.1978021978022
"Mills",1,0,0,1,0,0,0,2020,2238,"Rural",0.446827524575514,0.569476082004556,0,0,0,0,0
"Mitchell",5,0,0,3,2,0,0,2020,3495,"Rural",1.43061516452074,1.55038759689922,13.4228187919463,0,0,0,0
"Montague",17,0,3,14,0,0,0,2020,10145,"Rural",1.67570231641203,1.68431183830606,0,2.53592561284869,0,0,0
"Montgomery",778,36,207,398,129,3,4,2020,314750,"Urban",2.47180301826847,2.11810286103542,7.25085717497611,2.51830944791844,3.130162594557,3.08008213552361,0.278125434570992
"Moore",3,1,1,1,0,0,0,2020,10436,"Rural",0.287466462246071,0.300661455201443,0,0.162628069604814,2.07900207900208,0,0
"Morris",11,0,0,4,6,0,1,2020,6200,"Rural",1.7741935483871,0.993541977148535,4.66200466200466,0,0,0,3.74531835205992
"Motley",1,0,0,1,0,0,0,2020,537,"Rural",1.86219739292365,2.30414746543779,0,0,0,0,0
"Nacogdoches",77,0,7,40,29,0,0,2020,33820,"Rural",2.27675931401538,2.05824843058557,5.05402579295922,1.01083032490975,0,0,0
"Navarro",52,2,14,22,13,0,1,2020,26632,"Rural",1.95253829978973,1.59930212271009,3.96704302715899,1.78480367159612,10.6951871657754,0,0.669792364367046
"Newton",10,0,0,3,6,0,1,2020,6185,"Rural",1.61681487469685,0.642948992713245,5.6657223796034,0,0,0,4.18410041841004
"Nolan",8,0,4,4,0,0,0,2020,7446,"Rural",1.0744023636852,0.975371860521824,0,1.45719489981785,0,0,0
"Nueces",596,7,366,176,43,0,1,2020,178091,"Urban",3.34660370260148,3.37293982368724,7.05612077453233,3.30587470192933,1.64977610181475,0,0.224870699347875
"Ochiltree",3,0,1,2,0,0,0,2020,4943,"Rural",0.606918875177018,0.922083909635777,0,0.380228136882129,0,0,0
"Oldham",1,0,0,0,1,0,0,2020,863,"Rural",1.15874855156431,0,90.9090909090909,0,0,0,0
"Orange",90,2,3,48,36,0,1,2020,42887,"Urban",2.09853801851377,1.46569360896516,8.71881811576653,0.850581230507513,3.25732899022801,0,0.593119810201661
"Palo Pinto",34,0,10,22,2,0,0,2020,14418,"Rural",2.35816340685255,2.06340273869818,7.32600732600733,3.66434591425431,0,0,0
"Panola",24,0,2,13,9,0,0,2020,11422,"Rural",2.10120819471196,1.57977883096367,5.37634408602151,1.92492781520693,0,0,0
"Parker",123,1,12,104,4,1,0,2020,74715,"Urban",1.64625577193335,1.74907500840901,5.29100529100529,1.22399020807834,1.76056338028169,2.40963855421687,0
"Parmer",0,0,0,0,0,0,0,2020,4793,"Rural",0,0,0,0,0,0,0
"Pecos",9,0,4,5,0,0,0,2020,6728,"Rural",1.33769322235434,3.42231348391513,0,0.796178343949045,0,0,0
"Polk",45,1,8,27,9,0,0,2020,23682,"Rural",1.90017734988599,1.56739811912226,5.05050505050505,2.63417846559104,5.64971751412429,0,0
"Potter",19,1,13,5,0,0,0,2020,57859,"Urban",0.328384520990684,0.198641293552104,0,0.595292609213298,0.323624595469256,0,0
"Presidio",2,0,2,0,0,0,0,2020,3147,"Rural",0.635525897680331,0,0,0.768049155145929,0,0,0
"Rains",10,0,0,8,2,0,0,2020,6054,"Rural",1.65180046250413,1.5888778550149,13.6054421768707,0,0,0,0
"Randall",12,0,4,7,1,0,0,2020,71900,"Urban",0.166898470097357,0.142487837645287,0.492853622474125,0.250532381310284,0,0,0
"Reagan",4,0,3,1,0,0,0,2020,1647,"Rural",2.42865816636308,2.05338809034908,0,2.73473108477666,0,0,0
"Real",3,0,0,3,0,0,0,2020,1357,"Rural",2.21075902726603,3.08008213552361,0,0,0,0,0
"Red River",13,2,1,5,3,1,1,2020,5850,"Rural",2.22222222222222,1.18063754427391,3.19488817891374,2.71739130434783,48.780487804878,16.9491525423729,4.80769230769231
"Reeves",12,0,7,5,0,0,0,2020,5719,"Rural",2.09826892813429,6.69344042838019,0,1.47337402652073,0,0,0
"Refugio",5,0,3,1,1,0,0,2020,3397,"Rural",1.47188695908154,0.681663258350375,5.71428571428571,1.81268882175227,0,0,0
"Roberts",0,0,0,0,0,0,0,2020,415,"Rural",0,0,0,0,0,0,0
"Robertson",20,0,4,11,5,0,0,2020,8425,"Rural",2.37388724035608,2.32018561484919,3.1328320802005,2.28440890919475,0,0,0
"Rockwall",126,4,28,71,17,1,4,2020,54952,"Urban",2.29291017615373,1.98579179951893,4.02271651680076,2.71871055442276,2.18459858001092,4.36681222707424,1.53080750095675
"Runnels",9,1,3,5,0,0,0,2020,4983,"Rural",1.80614087898856,1.63880694854146,0,1.78784266984505,76.9230769230769,0,0
"Rusk",48,0,5,23,19,0,0,2020,24838,"Rural",1.93252274740317,1.47313136488823,5.11853448275862,1.15794349235757,0,0,0
"Sabine",9,0,1,6,2,0,0,2020,4964,"Rural",1.81305398871878,1.44787644787645,5.47945205479452,4.97512437810945,0,0,0
"San Augustine",8,0,2,2,4,0,0,2020,4052,"Rural",1.97433366238894,0.755572346052135,4.15368639667705,6.45161290322581,0,0,0
"San Jacinto",25,0,4,13,7,0,1,2020,13640,"Rural",1.83284457478006,1.35869565217391,6.51162790697674,1.68918918918919,0,0,1.86219739292365
"San Patricio",85,1,44,39,1,0,0,2020,34171,"Urban",2.48748939158936,2.97664478705541,2.39808153477218,2.29741019214703,2.0746887966805,0,0
"San Saba",3,0,0,3,0,0,0,2020,3162,"Rural",0.94876660341556,1.48075024679171,0,0,0,0,0
"Schleicher",0,0,0,0,0,0,0,2020,1235,"Rural",0,0,0,0,0,0,0
"Scurry",9,1,4,4,0,0,0,2020,8000,"Rural",1.125,0.955337950800096,0,1.20048019207683,17.8571428571429,0,0
"Shackelford",2,0,0,2,0,0,0,2020,1595,"Rural",1.25391849529781,1.49142431021626,0,0,0,0,0
"Shelby",40,1,11,11,17,0,0,2020,12124,"Rural",3.29924117452986,1.48488120950324,8.69120654396728,4.99772830531577,4.95049504950495,0,0
"Sherman",3,0,0,0,2,0,1,2020,1328,"Rural",2.25903614457831,0,400,0,0,0,17.2413793103448
"Smith",312,8,71,114,111,1,5,2020,121170,"Urban",2.57489477593464,1.63146144599004,5.40645852613122,3.0131986589144,3.76116596144805,2.78551532033426,1.06067034365719
"Somervell",7,0,2,4,1,0,0,2020,4722,"Rural",1.48242270224481,1.11172873818788,66.6666666666667,2.33918128654971,0,0,0
"Starr",47,0,38,8,0,0,0,2020,34252,"Rural",1.37218264626883,13.5135135135135,0,1.13524333044543,0,0,0
"Stephens",7,0,0,6,1,0,0,2020,4323,"Rural",1.61924589405505,1.97433366238894,27.027027027027,0,0,0,0
"Sterling",1,0,0,1,0,0,0,2020,669,"Rural",1.49476831091181,2.30414746543779,0,0,0,0,0
"Stonewall",0,0,0,0,0,0,0,2020,650,"Rural",0,0,0,0,0,0,0
"Sutton",1,0,0,1,0,0,0,2020,1688,"Rural",0.592417061611374,1.70357751277683,0,0,0,0,0
"Swisher",1,0,1,0,0,0,0,2020,3263,"Rural",0.306466441924609,0,0,0.684462696783025,0,0,0
"Tarrant",4943,266,1304,1293,1989,17,54,2020,1078995,"Urban",4.581114833711,2.80241966071866,10.4553793426095,4.20058434509218,4.03372558534514,4.77259966311061,1.1384719176927
"Taylor",157,5,48,71,31,0,2,2020,73288,"Urban",2.1422333806353,1.58160878572542,5.94097355308547,2.70118176702307,3.09597523219814,0,0.571755288736421
"Terrell",3,0,3,0,0,0,0,2020,371,"Rural",8.08625336927224,0,0,15.7894736842105,0,0,0
"Terry",2,0,1,1,0,0,0,2020,5768,"Rural",0.346740638002774,0.444642063139173,0,0.3125,0,0,0
"Throckmorton",0,0,0,0,0,0,0,2020,756,"Rural",0,0,0,0,0,0,0
"Titus",34,1,16,11,5,0,1,2020,16054,"Rural",2.11785224866077,1.56717481122667,3.25309043591412,2.34397890418986,6.75675675675676,0,2.06185567010309
"Tom Green",120,3,61,48,7,0,0,2020,60854,"Urban",1.97193282282184,1.51281162343597,3.81471389645777,2.55230125523013,3.38218714768884,0,0
"Travis",3328,220,1093,1176,470,12,54,2020,640228,"Urban",5.1981481597181,3.88771897345706,9.64617026516706,5.25215636337426,4.34816981579571,8.62688713156003,1.86715535424086
"Trinity",12,0,2,7,3,0,0,2020,6885,"Rural",1.74291938997821,1.30621384586677,5.74712643678161,2.98507462686567,0,0,0
"Tyler",21,1,1,12,6,0,1,2020,9132,"Rural",2.29960578186597,1.59383716296985,8.73362445414847,2.19298245614035,21.2765957446809,0,2.84090909090909
"Upshur",29,0,1,21,7,0,0,2020,20728,"Urban",1.39907371671169,1.32350160710909,4.67601870407482,0.51413881748072,0,0,0
"Upton",2,0,1,1,0,0,0,2020,1627,"Rural",1.22925629993854,1.58227848101266,0,1.11856823266219,0,0,0
"Uvalde",38,0,29,7,1,0,0,2020,12457,"Rural",3.05049369832223,2.15252152521525,18.5185185185185,3.26466283913092,0,0,0
"Val Verde",64,0,44,15,5,0,0,2020,23834,"Rural",2.68523957371822,4.72143531633617,21.0970464135021,2.20905713425043,0,0,0
"Van Zandt",41,1,6,32,1,0,1,2020,30205,"Rural",1.35739116040391,1.30612244897959,1.33868808567604,1.74876129408336,6.45161290322581,0,0.840336134453782
"Victoria",107,0,51,45,9,0,1,2020,46691,"Urban",2.29166220470755,2.22606975018551,3.43380389164441,2.33644859813084,0,0,0.838222967309304
"Walker",129,2,21,37,66,0,3,2020,32055,"Rural",4.02433317735143,2.07143656925316,10.6554730384243,3.40909090909091,3.6697247706422,0,2.59291270527226
"Waller",84,2,22,27,33,0,0,2020,29565,"Urban",2.84119736174531,2.2790579893644,4.67223559394025,2.3892267593397,4.58715596330275,0,0
"Ward",12,0,6,4,2,0,0,2020,5719,"Rural",2.09826892813429,1.7636684303351,10.2040816326531,1.94300518134715,0,0,0
"Washington",55,0,8,25,22,0,0,2020,18200,"Rural",3.02197802197802,2.20516891593896,7.64685436218283,2.58314497901195,0,0,0
"Webb",290,2,237,46,2,0,0,2020,137170,"Urban",2.11416490486258,11.3889576627878,6.11620795107034,1.80100765238273,3.03490136570561,0,0
"Wharton",72,1,26,28,17,0,0,2020,21005,"Rural",3.42775529635801,3.0081650193382,6.13054453660296,3.08972073677956,10.989010989011,0,0
"Wheeler",1,0,0,1,0,0,0,2020,2493,"Rural",0.401123144805455,0.572409845449342,0,0,0,0,0
"Wichita",122,2,28,50,35,2,5,2020,63241,"Urban",1.92912825540393,1.26320044464656,5.88433086751849,2.29508196721311,1.38312586445367,4.10677618069815,1.39742873113471
"Wilbarger",7,0,2,4,1,0,0,2020,6506,"Rural",1.07592991085152,1.12485939257593,1.9723865877712,1.06496272630458,0,0,0
"Willacy",19,0,17,2,0,0,0,2020,9505,"Rural",1.99894792214624,2.56081946222791,0,1.97582519758252,0,0,0
"Williamson",923,101,223,384,126,4,16,2020,310270,"Urban",2.97482837528604,2.24862535207969,6.36749545178896,2.97531687791861,3.61760808051864,5.12820512820513,0.996139957664052
"Wilson",53,0,27,24,2,0,0,2020,24837,"Rural",2.13391311350002,1.74799708667152,6.17283950617284,2.77178934400986,0,0,0
"Winkler",4,0,1,3,0,0,0,2020,3762,"Rural",1.06326422115896,2.29182582123759,0,0.437636761487965,0,0,0
"Wise",42,0,14,24,2,1,0,2020,34173,"Urban",1.22904047054692,0.947081804190837,8.06451612903226,2.11384568926468,0,4.16666666666667,0
"Wood",23,0,3,19,1,0,0,2020,22638,"Rural",1.01599081190918,1.03751433407962,1.3550135501355,1.29421915444349,0,0,0
"Yoakum",16,2,8,2,4,0,0,2020,3883,"Rural",4.12052536698429,1.5552099533437,121.212121212121,3.23101777059774,153.846153846154,0,0
"Young",7,0,1,6,0,0,0,2020,9046,"Rural",0.773822684059253,0.873108265424913,0,0.599161174355902,0,0,0
"Zapata",16,0,13,3,0,0,0,2020,6924,"Rural",2.31080300404391,8.59598853868195,0,1.98959289868381,0,0,0
"Zavala",25,0,23,2,0,0,0,2020,4977,"Rural",5.02310628892907,7.04225352112676,0,4.97835497835498,0,0,0
"Anderson",40,0,9,13,17,0,1,2021,22942,"Rural",1.74352715543545,0.876778849396372,5.27786401738591,2.46710526315789,0,0,1.0482180293501
"Andrews",3,0,2,1,0,0,0,2021,9249,"Rural",0.324359390204346,0.272257010618023,0,0.387897595034911,0,0,0
"Angelina",97,1,27,26,42,0,1,2021,44193,"Rural",2.19491774715453,1.01530771633864,6.22406639004149,2.78264454292487,2.04918032786885,0,0.644329896907217
"Aransas",23,1,2,20,0,0,0,2021,11946,"Rural",1.92533065461242,2.5040691123075,0,0.659848234905972,3.74531835205992,0,0
"Archer",1,0,0,1,0,0,0,2021,4299,"Rural",0.232612235403582,0.272108843537415,0,0,0,0,0
"Armstrong",0,0,0,0,0,0,0,2021,939,"Rural",0,0,0,0,0,0,0
"Atascosa",75,0,49,25,0,1,0,2021,24702,"Rural",3.03619140150595,3.09559187716691,0,3.11130865451775,0,14.4927536231884,0
"Austin",25,0,8,12,5,0,0,2021,15225,"Rural",1.64203612479475,1.26984126984127,4.03877221324717,2.03252032520325,0,0,0
"Bailey",4,0,2,1,1,0,0,2021,3344,"Rural",1.19617224880383,0.887311446317657,83.3333333333333,0.934579439252336,0,0,0
"Bandera",16,0,2,14,0,0,0,2021,10548,"Rural",1.51687523701176,1.77552314521243,0,0.972289742343218,0,0,0
"Bastrop",143,1,64,51,21,0,2,2021,47866,"Urban",2.98750678978816,2.22911840552472,8.15217391304348,3.1960049937578,2.38663484486873,0,1.09349371241115
"Baylor",1,0,0,0,1,0,0,2021,1794,"Rural",0.557413600891862,0,35.7142857142857,0,0,0,0
"Bee",44,0,26,15,3,0,0,2021,12143,"Rural",3.62348678250844,4.08163265306122,14.018691588785,3.30284552845528,0,0,0
"Bell",893,33,188,242,378,1,22,2021,189865,"Urban",4.70334184815527,3.04981789310514,9.08260848671248,3.95756146850792,5.09495136637332,1.26262626262626,1.55752212389381
"Bexar",5180,168,2937,1323,676,10,5,2021,1026487,"Urban",5.04633765454409,4.91140537470348,9.14192981269863,4.7945071305438,4.76785106141446,4.32338953739732,0.151313400314732
"Blanco",17,0,5,12,0,0,0,2021,5762,"Rural",2.95036445678584,2.7130906624463,0,4.91642084562439,0,0,0
"Borden",0,0,0,0,0,0,0,2021,300,"Rural",0,0,0,0,0,0,0
"Bosque",7,0,3,4,0,0,0,2021,9231,"Rural",0.758314375473947,0.578536303153023,0,1.80722891566265,0,0,0
"Bowie",99,2,7,26,62,0,1,2021,46213,"Urban",2.14225434401575,0.924543062371097,5.32325920837984,2.23713646532438,3.27332242225859,0,0.412881915772089
"Brazoria",620,24,165,199,224,3,0,2021,185337,"Urban",3.34525755785407,2.47318643351603,8.34792978794768,2.91498834004664,1.76353883459475,5.62851782363977,0
"Brazos",330,16,85,131,95,1,1,2021,116549,"Urban",2.83142712507186,2.12159492112849,7.70978737217984,2.73329474564281,2.42755272341071,3.86100386100386,0.220604456210015
"Brewster",4,0,0,4,0,0,0,2021,4664,"Rural",0.857632933104631,1.69348010160881,0,0,0,0,0
"Briscoe",1,0,1,0,0,0,0,2021,695,"Rural",1.43884892086331,0,0,5.40540540540541,0,0,0
"Brooks",5,0,4,1,0,0,0,2021,3452,"Rural",1.44843568945539,3.87596899224806,0,1.27388535031847,0,0,0
"Brown",17,0,5,9,3,0,0,2021,19135,"Rural",0.888424353279331,0.665582014494897,5.44464609800363,1.22940742562085,0,0,0
"Burleson",17,0,2,8,7,0,0,2021,8945,"Rural",1.90050307434321,1.40646976090014,7.21649484536082,1.07816711590296,0,0,0
"Burnet",57,0,22,29,1,0,3,2021,24986,"Rural",2.28127751540863,1.62410394265233,3.01204819277108,4.05231165960582,0,0,2.95566502463054
"Caldwell",85,1,52,25,4,0,1,2021,23348,"Urban",3.64056878533493,2.89720709236296,3.56824264049955,4.07172500195756,7.5187969924812,0,1.60513643659711
"Calhoun",14,0,9,4,1,0,0,2021,9823,"Rural",1.42522650921307,0.962232379119557,6.25,1.87304890738814,0,0,0
"Callahan",4,0,2,2,0,0,0,2021,6896,"Rural",0.580046403712297,0.343997248022016,0,3.1496062992126,0,0,0
"Cameron",417,4,327,82,2,0,0,2021,217794,"Urban",1.91465329623406,4.50574207374032,3.5650623885918,1.66774619656964,3.0188679245283,0,0
"Camp",19,0,3,8,8,0,0,2021,6382,"Rural",2.97712315888436,2.29160698940132,7.89733464955578,1.89035916824197,0,0,0
"Carson",1,0,0,0,1,0,0,2021,2922,"Rural",0.342231348391513,0,111.111111111111,0,0,0,0
"Cass",17,0,0,8,9,0,0,2021,14650,"Rural",1.16040955631399,0.737055463423623,3.75,0,0,0,0
"Castro",0,0,0,0,0,0,0,2021,3599,"Rural",0,0,0,0,0,0,0
"Chambers",57,2,20,25,10,0,0,2021,23362,"Urban",2.43985960106155,1.67358414781095,6.26959247648903,3.70027752081406,5.68181818181818,0,0
"Cherokee",40,0,16,7,14,0,3,2021,24862,"Rural",1.60888102324833,0.460344600815468,4.67289719626168,2.87925139463739,0,0,3.36700336700337
"Childress",1,0,0,0,0,0,1,2021,2820,"Rural",0.354609929078014,0,0,0,0,0,7.19424460431655
"Clay",2,1,0,1,0,0,0,2021,5142,"Rural",0.388953714507974,0.222667557336896,0,0,26.3157894736842,0,0
"Cochran",1,0,1,0,0,0,0,2021,1299,"Rural",0.769822940723634,0,0,1.30890052356021,0,0,0
"Coke",0,0,0,0,0,0,0,2021,1674,"Rural",0,0,0,0,0,0,0
"Coleman",3,0,1,2,0,0,0,2021,3894,"Rural",0.770416024653313,0.658327847267939,0,1.68067226890756,0,0,0
"Collin",1447,264,256,440,448,5,29,2021,542135,"Urban",2.66907689044242,1.60295526661882,7.71642150952496,2.99867636551054,2.76283567406911,2.59470679813181,1.08484213676493
"Collingsworth",0,0,0,0,0,0,0,2021,1385,"Rural",0,0,0,0,0,0,0
"Colorado",20,0,6,8,6,0,0,2021,10329,"Rural",1.93629586600833,1.35249366018597,5.18582541054451,2.04359673024523,0,0,0
"Comal",228,3,73,130,15,0,3,2021,82182,"Urban",2.77433014528729,2.44337938163706,8.52272727272727,3.28473722102232,2.58175559380379,0,0.850340136054422
"Comanche",4,0,1,3,0,0,0,2021,6796,"Rural",0.588581518540318,0.640888698995941,0,0.535618639528656,0,0,0
"Concho",4,0,1,3,0,0,0,2021,1150,"Rural",3.47826086956522,3.8860103626943,0,3.09597523219814,0,0,0
"Cooke",26,0,6,17,3,0,0,2021,21063,"Rural",1.23439206190951,1.13659156247911,4.86223662884927,1.44300144300144,0,0,0
"Coryell",106,5,21,41,36,0,1,2021,41611,"Urban",2.54740333085002,1.75281091017913,6.35256749602965,2.57573899178217,4.90196078431373,0,0.314366551398931
"Cottle",1,0,0,1,0,0,0,2021,709,"Rural",1.41043723554302,2.14132762312634,0,0,0,0,0
"Crane",6,0,5,1,0,0,0,2021,2310,"Rural",2.5974025974026,1.41843971631206,0,3.28731097961867,0,0,0
"Crockett",4,0,2,1,1,0,0,2021,1548,"Rural",2.58397932816537,1.80831826401447,111.111111111111,2.10304942166141,0,0,0
"Crosby",5,0,3,2,0,0,0,2021,2625,"Rural",1.9047619047619,1.87441424554827,0,2.07756232686981,0,0,0
"Culberson",0,0,0,0,0,0,0,2021,1064,"Rural",0,0,0,0,0,0,0
"Dallam",0,0,0,0,0,0,0,2021,3342,"Rural",0,0,0,0,0,0,0
"Dallas",6867,438,2202,1035,3052,26,99,2021,1322590,"Urban",5.19208522671425,2.83903884134299,10.0765314544938,4.23758169179964,4.8061096846402,7.42220953468456,2.42201834862385
"Dawson",3,0,2,1,0,0,0,2021,5643,"Rural",0.531632110579479,0.475737392959087,0,0.617665225447807,0,0,0
"DeWitt",14,0,3,10,1,0,0,2021,9487,"Rural",1.47570359439233,1.82848784055586,1.71232876712329,0.956937799043062,0,0,0
"Deaf Smith",2,0,1,1,0,0,0,2021,9250,"Rural",0.216216216216216,0.461680517082179,0,0.145201103528387,0,0,0
"Delta",1,0,0,0,1,0,0,2021,2675,"Rural",0.373831775700935,0,6.09756097560976,0,0,0,0
"Denton",1253,157,245,406,420,4,17,2021,463327,"Urban",2.70435351274586,1.64911268801306,8.23206585652685,2.64518845618164,3.28431270003975,2.08768267223382,0.715066879784639
"Dickens",0,0,0,0,0,0,0,2021,900,"Rural",0,0,0,0,0,0,0
"Dimmit",10,0,9,1,0,0,0,2021,4432,"Rural",2.25631768953069,2.25733634311512,0,2.31839258114374,0,0,0
"Donley",1,0,0,0,1,0,0,2021,1623,"Rural",0.616142945163278,0,10.8695652173913,0,0,0,0
"Duval",11,0,9,2,0,0,0,2021,4723,"Rural",2.32902816006775,5.58659217877095,0,2.26757369614512,0,0,0
"Eastland",13,0,4,8,1,0,0,2021,9019,"Rural",1.4414014857523,1.14596762641455,7.46268656716418,2.77392510402219,0,0,0
"Ector",139,0,86,42,10,0,0,2021,81227,"Urban",1.71125364718628,1.67224080267559,2.88933834151979,1.74442190669371,0,0,0
"Edwards",0,0,0,0,0,0,0,2021,710,"Rural",0,0,0,0,0,0,0
"El Paso",285,6,83,99,91,1,3,2021,444653,"Urban",0.640949234571677,2.20132079247549,8.89106008793356,0.220839829926724,1.09071077985821,0.980392156862745,0.423370025402202
"Ellis",29,0,18,6,5,0,0,2021,97907,"Urban",0.296199454584453,0.110300200378697,0.402771064926696,0.702356797253004,0,0,0
"Erath",54,1,15,35,3,0,0,2021,21930,"Rural",2.46238030095759,2.25268713393834,4.60122699386503,3.23834196891192,4.97512437810945,0,0
"Falls",17,0,2,6,9,0,0,2021,9505,"Rural",1.788532351394,1.2442969722107,4.18994413407821,0.905387052965143,0,0,0
"Fannin",25,0,3,19,2,0,1,2021,16650,"Rural",1.5015015015015,1.45582713968278,2.94985250737463,1.68634064080944,0,0,1.10497237569061
"Fayette",24,0,5,14,3,0,1,2021,12528,"Rural",1.91570881226054,1.59817351598174,4.02144772117962,1.89969604863222,0,0,2.9585798816568
"Fisher",2,0,0,0,2,0,0,2021,1856,"Rural",1.07758620689655,0,35.0877192982456,0,0,0,0
"Floyd",3,0,3,0,0,0,0,2021,2729,"Rural",1.09930377427629,0,0,1.94426441996111,0,0,0
"Foard",0,0,0,0,0,0,0,2021,556,"Rural",0,0,0,0,0,0,0
"Fort Bend",1359,167,258,264,647,8,6,2021,422429,"Urban",3.21710867388366,2.16331380341705,7.21880683276245,2.54167159238681,1.79073109009415,13.8888888888889,0.388978930307942
"Franklin",4,0,0,3,1,0,0,2021,5313,"Rural",0.752870318087709,0.730282375851996,5.91715976331361,0,0,0,0
"Freestone",14,0,2,8,4,0,0,2021,9286,"Rural",1.50764591858712,1.2580594433087,3.29489291598023,1.48698884758364,0,0,0
"Frio",28,0,17,11,0,0,0,2021,8232,"Rural",3.40136054421769,7.85153461812991,0,2.5820170109356,0,0,0
"Gaines",1,0,1,0,0,0,0,2021,10680,"Rural",0.0936329588014981,0,0,0.243072435585805,0,0,0
"Galveston",563,17,134,252,155,1,2,2021,179120,"Urban",3.14314426083073,2.59734905485354,6.83692823430815,2.98082484317302,2.59819654592694,1.9047619047619,0.270087778528022
"Garza",0,0,0,0,0,0,0,2021,2056,"Rural",0,0,0,0,0,0,0
"Gillespie",15,0,7,8,0,0,0,2021,13807,"Rural",1.08640544651264,0.772349874493145,0,2.4330900243309,0,0,0
"Glasscock",0,0,0,0,0,0,0,2021,537,"Rural",0,0,0,0,0,0,0
"Goliad",4,0,3,1,0,0,0,2021,3547,"Rural",1.12771356075557,0.473036896877956,0,2.58843830888697,0,0,0
"Gonzales",17,0,9,5,2,0,0,2021,9869,"Rural",1.72256560948424,1.18483412322275,3.85356454720617,1.84388444990781,0,0,0
"Gray",2,0,0,2,0,0,0,2021,10054,"Rural",0.198925800676348,0.311332503113325,0,0,0,0,0
"Grayson",126,2,23,77,20,2,2,2021,69368,"Urban",1.81639949256141,1.57136443410473,5.32056397978186,2.21175112991634,1.96078431372549,2.06185567010309,0.474158368895211
"Gregg",173,1,26,54,85,0,7,2021,64235,"Urban",2.69323577488908,1.52194132070686,6.36322802814793,2.23367697594502,1.17370892018779,0,2.61291526689063
"Grimes",38,0,3,23,12,0,0,2021,13431,"Rural",2.82927555654828,2.89891605747416,7.56143667296786,0.908540278619019,0,0,0
"Guadalupe",208,7,80,84,30,0,1,2021,87955,"Urban",2.36484565971235,1.97044334975369,5.12908189434091,2.40724580988776,3.659174072138,0,0.244678248103744
"Hale",21,1,12,3,5,0,0,2021,15831,"Rural",1.32651127534584,0.564759036144578,8.92857142857143,1.26568927328341,14.9253731343284,0,0
"Hall",1,0,0,0,1,0,0,2021,1429,"Rural",0.699790062981106,0,10.752688172043,0,0,0,0
"Hamilton",4,1,2,1,0,0,0,2021,4175,"Rural",0.958083832335329,0.29120559114735,0,3.85356454720617,38.4615384615385,0,0
"Hansford",0,0,0,0,0,0,0,2021,2662,"Rural",0,0,0,0,0,0,0
"Hardeman",5,0,3,2,0,0,0,2021,1782,"Rural",2.80583613916947,1.6273393002441,0,7.35294117647059,0,0,0
"Hardin",45,1,4,27,13,0,0,2021,28638,"Urban",1.57133878064111,1.13155358115754,8.20707070707071,2.34741784037559,4.31034482758621,0,0
"Harris",14122,516,5215,2640,5618,45,26,2021,2400848,"Urban",5.88208832879049,4.02459270054744,11.8952086743131,5.14363210454938,2.90272496118449,10.5164758121056,0.339106844741235
"Harrison",71,1,10,24,34,0,2,2021,35205,"Urban",2.01675898309899,1.12628466844995,4.7699214365881,2.05086136177194,3.690036900369,0,1.37551581843191
"Hartley",1,0,1,0,0,0,0,2021,2271,"Rural",0.440334654337296,0,0,1.74520069808028,0,0,0
"Haskell",1,0,0,1,0,0,0,2021,2588,"Rural",0.386398763523957,0.555247084952804,0,0,0,0,0
"Hays",566,9,239,239,46,0,8,2021,122717,"Urban",4.61223791324755,3.8799961037696,10.7201118620368,5.04442896641972,3.51425224521671,0,1.21728545343883
"Hemphill",0,0,0,0,0,0,0,2021,1701,"Rural",0,0,0,0,0,0,0
"Henderson",61,2,12,36,7,1,3,2021,41767,"Rural",1.46048315655901,1.13888010123379,2.97492562685933,2.15827338129496,6.77966101694915,5.78034682080925,1.68918918918919
"Hidalgo",1050,7,787,240,13,1,0,2021,447177,"Urban",2.34806351847255,9.29080210591514,11.4942528735632,1.90602589967087,1.56145438322552,3.06748466257669,0
"Hill",35,0,12,18,5,0,0,2021,18014,"Rural",1.94293327412013,1.47468458135343,4.97017892644135,3.12825860271116,0,0,0
"Hockley",10,0,5,5,0,0,0,2021,10972,"Rural",0.911410864017499,1.00040016006403,0,0.931445603576751,0,0,0
"Hood",27,1,3,23,0,0,0,2021,31519,"Rural",0.856626161997525,0.895568880928277,0,0.773594636410521,3.7593984962406,0,0
"Hopkins",21,0,2,16,3,0,0,2021,18773,"Rural",1.11862781654504,1.19420809075981,2.48756218905473,0.634316523945449,0,0,0
"Houston",14,0,2,5,7,0,0,2021,10137,"Rural",1.38107921475782,0.794659885568976,3.03951367781155,1.81653042688465,0,0,0
"Howard",21,0,6,10,4,0,0,2021,15173,"Rural",1.38403743491729,1.29785853341986,6.49350649350649,0.975134080936129,0,0,0
"Hudspeth",0,0,0,0,0,0,0,2021,1518,"Rural",0,0,0,0,0,0,0
"Hunt",97,1,16,48,28,1,3,2021,50646,"Urban",1.91525490660664,1.44061946637054,6.94789081885856,1.66892667153437,1.74825174825175,2.75482093663912,1.08108108108108
"Hutchinson",3,0,1,1,1,0,0,2021,10371,"Rural",0.289268151576511,0.144341801385681,5.49450549450549,0.407166123778502,0,0,0
"Irion",3,0,1,2,0,0,0,2021,757,"Rural",3.96301188903567,3.53982300884956,0,5.88235294117647,0,0,0
"Jack",3,0,0,3,0,0,0,2021,3764,"Rural",0.797024442082891,1.001001001001,0,0,0,0,0
"Jackson",14,0,1,7,6,0,0,2021,7555,"Rural",1.85307743216413,1.62942271880819,11.7647058823529,0.416666666666667,0,0,0
"Jasper",32,0,4,12,16,0,0,2021,16730,"Rural",1.91273161984459,0.990180707979206,5.65770862800566,3.83877159309021,0,0,0
"Jeff Davis",0,0,0,0,0,0,0,2021,1003,"Rural",0,0,0,0,0,0,0
"Jefferson",492,13,69,116,292,1,1,2021,125579,"Urban",3.91785250718671,2.45903376931719,6.85864612204632,2.57328261356008,2.64873675631622,3.26797385620915,0.262881177707676
"Jim Hogg",7,0,6,1,0,0,0,2021,2483,"Rural",2.81917035843737,5.18134715025907,0,2.70758122743682,0,0,0
"Jim Wells",40,0,28,10,1,0,0,2021,19876,"Rural",2.0124773596297,2.8137310073157,12.1951219512195,1.76924049033236,0,0,0
"Johnson",169,1,38,97,29,0,3,2021,90166,"Urban",1.87432069738039,1.60195537645951,9.62495851310986,1.84474974513326,1.18764845605701,0,0.632911392405063
"Jones",9,1,5,1,2,0,0,2021,7417,"Urban",1.21342860995011,0.193723363037582,9.9009900990099,2.97441998810232,18.5185185185185,0,0
"Karnes",10,0,9,1,0,0,0,2021,6126,"Rural",1.63238654913484,0.430477830391735,0,2.64162019371881,0,0,0
"Kaufman",246,7,57,77,98,1,5,2021,74397,"Urban",3.30658494294125,1.92053475669069,8.67640548915449,3.12517133614782,5.95238095238095,3.43642611683849,1.51377535573721
"Kendall",29,1,12,14,2,0,0,2021,22751,"Urban",1.2746692453079,0.854387892103015,13.1578947368421,2.37576717481687,4.76190476190476,0,0
"Kenedy",0,0,0,0,0,0,0,2021,181,"Rural",0,0,0,0,0,0,0
"Kent",0,0,0,0,0,0,0,2021,383,"Rural",0,0,0,0,0,0,0
"Kerr",51,0,17,32,2,0,0,2021,27075,"Rural",1.88365650969529,1.71627782247251,6.51465798045603,2.51182033096927,0,0,0
"Kimble",5,0,2,1,2,0,0,2021,2166,"Rural",2.3084025854109,0.619578686493185,400,4.18410041841004,0,0,0
"King",0,0,0,0,0,0,0,2021,142,"Rural",0,0,0,0,0,0,0
"Kinney",2,0,2,0,0,0,0,2021,1386,"Rural",1.44300144300144,0,0,2.83687943262411,0,0,0
"Kleberg",49,0,29,15,3,0,0,2021,15418,"Rural",3.17810351537164,4.71401634192332,6.12244897959184,2.62253572074516,0,0,0
"Knox",2,0,0,2,0,0,0,2021,1674,"Rural",1.194743130227,2.0639834881321,0,0,0,0,0
"La Salle",10,0,8,2,0,0,0,2021,2792,"Rural",3.58166189111748,4.70588235294118,0,3.43053173241852,0,0,0
"Lamar",36,0,4,13,18,0,1,2021,25990,"Rural",1.38514813389765,0.712094653812445,5.26161940952938,1.84331797235023,0,0,0.685400959561343
"Lamb",3,1,2,0,0,0,0,2021,6574,"Rural",0.456343170063888,0,0,0.537489922063961,333.333333333333,0,0
"Lampasas",14,0,4,9,1,0,0,2021,10915,"Urban",1.28263857077416,1.16913484021824,3.21543408360129,1.94269062651773,0,0,0
"Lavaca",9,0,4,4,1,0,0,2021,10375,"Rural",0.867469879518072,0.537851284119941,1.61030595813205,2.0253164556962,0,0,0
"Lee",22,0,11,5,3,0,1,2021,8712,"Rural",2.52525252525253,0.943218260705527,3.84615384615385,4.89541611036938,0,0,2.9585798816568
"Leon",10,0,1,4,5,0,0,2021,7931,"Rural",1.26087504728281,0.67125356603457,11.0619469026549,0.863557858376511,0,0,0
"Liberty",117,1,45,55,16,0,0,2021,46230,"Urban",2.53082414016872,2.14793407795048,4.50196961170512,2.99580587177951,3.52112676056338,0,0
"Limestone",23,3,3,9,8,0,0,2021,10974,"Rural",2.09586294878804,1.41866330390921,4.44691495275153,1.28921357971637,42.8571428571429,0,0
"Lipscomb",0,0,0,0,0,0,0,2021,1536,"Rural",0,0,0,0,0,0,0
"Live Oak",11,0,6,4,1,0,0,2021,4943,"Rural",2.2253692089824,1.39178844815588,43.4782608695652,3.20684126135756,0,0,0
"Llano",17,0,3,14,0,0,0,2021,10820,"Rural",1.57116451016636,1.56093209945367,0,2.41351568785197,0,0,0
"Loving",1,1,0,0,0,0,0,2021,27,"Rural",37.037037037037,0,0,0,Inf,0,0
"Lubbock",174,6,64,65,35,2,2,2021,157970,"Urban",1.10147496360068,0.817394147457904,2.73801142141907,1.16236832546313,1.25418060200669,2.82485875706215,0.391083300743058
"Lynn",1,0,0,1,0,0,0,2021,2724,"Rural",0.367107195301028,0.681663258350375,0,0,0,0,0
"Madison",15,0,2,6,7,0,0,2021,5775,"Rural",2.5974025974026,1.76522506619594,8.13953488372093,1.57232704402516,0,0,0
"Marion",8,0,0,5,3,0,0,2021,4995,"Rural",1.6016016016016,1.4168319637291,3.1055900621118,0,0,0,0
"Martin",4,0,3,0,0,0,0,2021,2626,"Urban",1.52322924600152,0,0,2.61780104712042,0,0,0
"Mason",4,0,1,3,0,0,0,2021,1974,"Rural",2.02634245187437,2.0066889632107,0,2.42130750605327,0,0,0
"Matagorda",46,1,13,17,12,2,0,2021,18247,"Rural",2.52096234997534,2.18593287900219,6.33245382585752,1.69513626287652,2.55102040816327,45.4545454545455,0
"Maverick",60,0,46,9,2,2,0,2021,29965,"Rural",2.00233605873519,12.5173852573018,51.2820512820513,1.61103912023255,0,4.49438202247191,0
"McCulloch",5,0,0,3,2,0,0,2021,3885,"Rural",1.28700128700129,1.18858954041204,40,0,0,0,0
"McLennan",313,7,114,99,87,1,1,2021,134170,"Urban",2.33286129537154,1.37387418643056,4.56525161358031,3.3070317939197,2.7602523659306,2.08333333333333,0.179662234998203
"McMullen",0,0,0,0,0,0,0,2021,299,"Rural",0,0,0,0,0,0,0
"Medina",48,3,27,16,1,0,0,2021,24667,"Urban",1.94591964973446,1.45839030170449,3.125,2.15689407253555,22.2222222222222,0,0
"Menard",3,0,0,3,0,0,0,2021,985,"Rural",3.04568527918782,4.75435816164818,0,0,0,0,0
"Midland",149,2,76,40,30,0,1,2021,84137,"Urban",1.77092123560384,1.05800513132489,5.93589236248516,2.08688011422923,1.02040816326531,0,0.389105058365759
"Milam",23,0,8,9,5,0,1,2021,12457,"Rural",1.84635144898451,1.15740740740741,4.76644423260248,2.57981296356014,0,0,2.1978021978022
"Mills",1,0,1,0,0,0,0,2021,2238,"Rural",0.446827524575514,0,0,2.80898876404494,0,0,0
"Mitchell",5,0,3,2,0,0,0,2021,3495,"Rural",1.43061516452074,1.03359173126615,0,2.34558248631744,0,0,0
"Montague",17,0,4,9,3,1,0,2021,10145,"Rural",1.67570231641203,1.0827718960539,90.9090909090909,3.38123415046492,0,11.3636363636364,0
"Montgomery",759,17,219,385,134,3,1,2021,314750,"Urban",2.41143764892772,2.04891859673025,7.53189815075038,2.66429840142096,1.47813233631858,3.08008213552361,0.0695313586427479
"Moore",5,0,3,2,0,0,0,2021,10436,"Rural",0.479110770410119,0.601322910402886,0,0.487884208814441,0,0,0
"Morris",12,0,1,4,4,0,3,2021,6200,"Rural",1.93548387096774,0.993541977148535,3.10800310800311,1.78890876565295,0,0,11.2359550561798
"Motley",0,0,0,0,0,0,0,2021,537,"Rural",0,0,0,0,0,0,0
"Nacogdoches",78,0,16,29,32,0,1,2021,33820,"Rural",2.3063276167948,1.49223011217454,5.57685604740328,2.31046931407942,0,0,0.816326530612245
"Navarro",60,0,21,16,22,0,0,2021,26632,"Rural",2.25292880744968,1.16312881651643,6.71345743057675,2.67720550739419,0,0,0
"Newton",12,0,0,4,7,1,0,2021,6185,"Rural",1.94017784963622,0.85726532361766,6.61000944287063,0,0,41.6666666666667,0
"Nolan",4,0,1,3,0,0,0,2021,7446,"Rural",0.5372011818426,0.731528895391368,0,0.364298724954463,0,0,0
"Nueces",575,8,340,181,32,0,2,2021,178091,"Urban",3.22868645804673,3.46876197776926,5.25106662290778,3.07103114386878,1.885458402074,0,0.44974139869575
"Ochiltree",2,0,1,1,0,0,0,2021,4943,"Rural",0.404612583451345,0.461041954817888,0,0.380228136882129,0,0,0
"Oldham",0,0,0,0,0,0,0,2021,863,"Rural",0,0,0,0,0,0,0
"Orange",106,1,10,63,29,1,1,2021,42887,"Urban",2.47161144402733,1.92372286176677,7.02349237103415,2.83527076835838,1.62866449511401,5.49450549450549,0.593119810201661
"Palo Pinto",16,0,3,12,0,0,0,2021,14418,"Rural",1.1097239561659,1.12549240292628,0,1.09930377427629,0,0,0
"Panola",14,0,1,6,6,0,1,2021,11422,"Rural",1.22570478024864,0.729128691213999,3.584229390681,0.962463907603465,0,0,2.55102040816327
"Parker",95,1,15,74,4,0,0,2021,74715,"Urban",1.27149836043632,1.24453414059872,5.29100529100529,1.52998776009792,1.76056338028169,0,0
"Parmer",0,0,0,0,0,0,0,2021,4793,"Rural",0,0,0,0,0,0,0
"Pecos",10,0,7,2,1,0,0,2021,6728,"Rural",1.48632580261593,1.36892539356605,25,1.39331210191083,0,0,0
"Polk",40,2,16,17,4,1,0,2021,23682,"Rural",1.68904653323199,0.986880297225125,2.24466891133558,5.26835693118209,11.2994350282486,2.04498977505112,0
"Potter",21,0,8,10,3,0,0,2021,57859,"Urban",0.362951312673914,0.397282587104207,0.584795321637427,0.366333913362029,0,0,0
"Presidio",4,0,1,3,0,0,0,2021,3147,"Rural",1.27105179536066,6.57894736842105,0,0.384024577572965,0,0,0
"Rains",7,0,1,5,1,0,0,2021,6054,"Rural",1.15626032375289,0.99304865938431,6.80272108843537,1.81488203266788,0,0,0
"Randall",11,0,8,3,0,0,0,2021,71900,"Urban",0.152990264255911,0.0610662161336943,0,0.501064762620569,0,0,0
"Reagan",3,0,2,1,0,0,0,2021,1647,"Rural",1.82149362477231,2.05338809034908,0,1.82315405651778,0,0,0
"Real",4,0,0,4,0,0,0,2021,1357,"Rural",2.94767870302137,4.10677618069815,0,0,0,0,0
"Red River",9,2,0,4,2,0,1,2021,5850,"Rural",1.53846153846154,0.944510035419126,2.12992545260916,0,48.780487804878,0,4.80769230769231
"Reeves",4,0,3,1,0,0,0,2021,5719,"Rural",0.699422976044763,1.33868808567604,0,0.631446011366028,0,0,0
"Refugio",5,0,4,1,0,0,0,2021,3397,"Rural",1.47188695908154,0.681663258350375,0,2.41691842900302,0,0,0
"Roberts",0,0,0,0,0,0,0,2021,415,"Rural",0,0,0,0,0,0,0
"Robertson",17,0,2,9,6,0,0,2021,8425,"Rural",2.01780415430267,1.89833368487661,3.7593984962406,1.14220445459737,0,0,0
"Rockwall",118,5,21,59,29,1,3,2021,54952,"Urban",2.14732857766778,1.65016501650165,6.86228111689541,2.03903291581707,2.73074822501365,4.36681222707424,1.14810562571757
"Runnels",5,0,2,3,0,0,0,2021,4983,"Rural",1.00341159943809,0.983284169124877,0,1.19189511323004,0,0,0
"Rusk",33,0,3,20,9,0,1,2021,24838,"Rural",1.32860938883968,1.28098379555499,2.42456896551724,0.694766095414544,0,0,1.03950103950104
"Sabine",9,0,2,3,4,0,0,2021,4964,"Rural",1.81305398871878,0.723938223938224,10.958904109589,9.9502487562189,0,0,0
"San Augustine",8,0,0,6,2,0,0,2021,4052,"Rural",1.97433366238894,2.2667170381564,2.07684319833853,0,0,0,0
"San Jacinto",22,0,6,12,4,0,0,2021,13640,"Rural",1.61290322580645,1.25418060200669,3.72093023255814,2.53378378378378,0,0,0
"San Patricio",75,2,49,23,1,0,0,2021,34171,"Urban",2.19484358081414,1.7554571821096,2.39808153477218,2.55847953216374,4.149377593361,0,0
"San Saba",2,0,1,1,0,0,0,2021,3162,"Rural",0.632511068943707,0.493583415597236,0,1.05932203389831,0,0,0
"Schleicher",0,0,0,0,0,0,0,2021,1235,"Rural",0,0,0,0,0,0,0
"Scurry",10,0,3,7,0,0,0,2021,8000,"Rural",1.25,1.67184141390017,0,0.900360144057623,0,0,0
"Shackelford",4,0,1,3,0,0,0,2021,1595,"Rural",2.50783699059561,2.23713646532438,0,5.20833333333333,0,0,0
"Shelby",28,0,7,8,11,1,1,2021,12124,"Rural",2.3094688221709,1.07991360691145,5.62372188139059,3.18037255792821,0,34.4827586206897,3.04878048780488
"Sherman",1,0,0,0,0,0,0,2021,1328,"Rural",0.753012048192771,0,0,0,0,0,0
"Smith",305,7,49,130,110,1,5,2021,121170,"Urban",2.51712470083354,1.86043849104127,5.35775169256247,2.07953146882825,3.29102021626704,2.78551532033426,1.06067034365719
"Somervell",7,0,3,3,0,0,0,2021,4722,"Rural",1.48242270224481,0.833796553640912,0,3.50877192982456,0,0,0
"Starr",54,0,38,16,0,0,0,2021,34252,"Rural",1.57655027443653,27.027027027027,0,1.13524333044543,0,0,0
"Stephens",2,0,1,1,0,0,0,2021,4323,"Rural",0.46264168401573,0.329055610398157,0,0.988142292490119,0,0,0
"Sterling",1,0,1,0,0,0,0,2021,669,"Rural",1.49476831091181,0,0,4.83091787439614,0,0,0
"Stonewall",1,0,0,1,0,0,0,2021,650,"Rural",1.53846153846154,1.96850393700787,0,0,0,0,0
"Sutton",3,0,1,2,0,0,0,2021,1688,"Rural",1.77725118483412,3.40715502555366,0,0.947867298578199,0,0,0
"Swisher",1,0,1,0,0,0,0,2021,3263,"Rural",0.306466441924609,0,0,0.684462696783025,0,0,0
"Tarrant",4222,202,1153,1056,1750,13,34,2021,1078995,"Urban",3.91290043049319,2.28875109181663,9.19905170918381,3.71416698611295,3.06320514375834,3.64963503649635,0.716815651880587
"Taylor",133,0,34,63,32,0,3,2021,73288,"Urban",1.81475821416876,1.40339934508031,6.13261786124952,1.91333708497468,0,0,0.857632933104631
"Terrell",5,0,2,2,1,0,0,2021,371,"Rural",13.4770889487871,12.1951219512195,333.333333333333,10.5263157894737,0,0,0
"Terry",0,0,0,0,0,0,0,2021,5768,"Rural",0,0,0,0,0,0,0
"Throckmorton",0,0,0,0,0,0,0,2021,756,"Rural",0,0,0,0,0,0,0
"Titus",28,1,13,9,5,0,0,2021,16054,"Rural",1.74411361654416,1.28223393645818,3.25309043591412,1.90448285965426,6.75675675675676,0,0
"Tom Green",88,4,38,37,7,1,0,2021,60854,"Urban",1.44608407006935,1.16612562639856,3.81471389645777,1.58995815899582,4.50958286358512,5.26315789473684,0
"Travis",3340,218,1122,1252,499,10,67,2021,640228,"Urban",5.21689148240939,4.13896611800021,10.2413594942944,5.39150909396699,4.30864099928848,7.18907260963336,2.31665571729885
"Trinity",8,0,2,5,1,0,0,2021,6885,"Rural",1.16194625998548,0.933009889904833,1.91570881226054,2.98507462686567,0,0,0
"Tyler",23,0,3,14,6,0,0,2021,9132,"Rural",2.51861585632939,1.85947669013149,8.73362445414847,6.57894736842105,0,0,0
"Upshur",14,0,2,7,4,0,1,2021,20728,"Urban",0.675414897722887,0.441167202369698,2.67201068804275,1.02827763496144,0,0,0.859845227858985
"Upton",3,0,3,0,0,0,0,2021,1627,"Rural",1.84388444990781,0,0,3.35570469798658,0,0,0
"Uvalde",37,0,21,15,0,0,0,2021,12457,"Rural",2.97021754836638,4.61254612546125,0,2.36406619385343,0,0,0
"Val Verde",64,0,38,25,1,0,0,2021,23834,"Rural",2.68523957371822,7.86905886056028,4.21940928270042,1.907822070489,0,0,0
"Van Zandt",49,0,12,32,1,0,4,2021,30205,"Rural",1.62224797219003,1.30612244897959,1.33868808567604,3.49752258816672,0,0,3.36134453781513
"Victoria",116,1,54,39,20,1,0,2021,46691,"Urban",2.48441883874837,1.92926045016077,7.63067531476536,2.47388675096207,1.3986013986014,8.40336134453782,0
"Walker",103,3,14,33,52,0,1,2021,32055,"Rural",3.21322726563719,1.84749748068525,8.39522118178883,2.27272727272727,5.5045871559633,0,0.864304235090752
"Waller",90,3,23,28,36,0,0,2021,29565,"Urban",3.0441400304414,2.36346754452604,5.09698428429846,2.49782797567333,6.88073394495413,0,0
"Ward",2,0,0,2,0,0,0,2021,5719,"Rural",0.349711488022382,0.881834215167548,0,0,0,0,0
"Washington",42,2,10,13,17,0,0,2021,18200,"Rural",2.30769230769231,1.14668783628826,5.90893291623219,3.22893122376493,6.94444444444444,0,0
"Webb",296,0,230,58,5,0,0,2021,137170,"Urban",2.1579062477218,14.3599900965586,15.2905198776758,1.74781333353598,0,0,0
"Wharton",64,2,26,22,14,0,0,2021,21005,"Rural",3.04689359676268,2.36355822948002,5.04868373602597,3.08972073677956,21.978021978022,0,0
"Wheeler",1,0,0,1,0,0,0,2021,2493,"Rural",0.401123144805455,0.572409845449342,0,0,0,0,0
"Wichita",100,3,36,30,28,1,2,2021,63241,"Urban",1.58125266836388,0.757920266787934,4.70746469401479,2.95081967213115,2.0746887966805,2.05338809034908,0.558971492453885
"Wilbarger",6,0,1,1,4,0,0,2021,6506,"Rural",0.922225637872733,0.281214848143982,7.88954635108481,0.53248136315229,0,0,0
"Willacy",18,0,11,7,0,0,0,2021,9505,"Rural",1.89374013677012,8.9628681177977,0,1.27847512784751,0,0,0
"Williamson",834,95,215,349,130,3,13,2021,310270,"Urban",2.6879814355239,2.04367252050992,6.56963816454417,2.8685790527018,3.40270066979476,3.84615384615385,0.809363715602042
"Wilson",60,0,34,22,1,0,0,2021,24837,"Rural",2.41575069452832,1.60233066278223,3.08641975308642,3.49040139616056,0,0,0
"Winkler",1,0,1,0,0,0,0,2021,3762,"Rural",0.26581605528974,0,0,0.437636761487965,0,0,0
"Wise",46,1,19,26,0,0,0,2021,34173,"Urban",1.34609194393234,1.02600528787341,0,2.86879057828778,4.5045045045045,0,0
"Wood",23,0,4,18,1,0,0,2021,22638,"Rural",1.01599081190918,0.982908316496478,1.3550135501355,1.72562553925798,0,0,0
"Yoakum",14,0,6,2,6,0,0,2021,3883,"Rural",3.60545969611125,1.5552099533437,181.818181818182,2.4232633279483,0,0,0
"Young",8,0,1,7,0,0,0,2021,9046,"Rural",0.884368781782003,1.0186263096624,0,0.599161174355902,0,0,0
"Zapata",15,0,12,3,0,0,0,2021,6924,"Rural",2.16637781629116,8.59598853868195,0,1.83654729109275,0,0,0
"Zavala",17,0,14,3,0,0,0,2021,4977,"Rural",3.41571227647177,10.5633802816901,0,3.03030303030303,0,0,0
